selftext,title,id,sorted_by,num_comments,score,created,url
,"Private Internet Access, a VPN provider, takes out a full page ad in The New York Time calling out 50 senators.",61ns2w,top,8728,258409,2017-03-27 00:33:28,http://i.imgur.com/GJYYNle.jpg
,"My dad waits every year for the day the sun rises just right and reflects along the railroad tracks, Today was that day!",6z699p,top,2019,250384,2017-09-10 07:58:08,https://www.flickr.com/photos/zaruka/36978499711/
,If this is you: Fuck you,fi2zjs,top,15901,242776,2020-03-13 21:07:59,https://i.redd.it/b9hkx5md2hm41.jpg
,"Thanks, Obama.",5bx4bx,top,6096,230826,2016-11-09 03:27:25,https://i.reddituploads.com/58986555f545487c9d449bd5d9326528?fit=max&h=1536&w=1536&s=c15543d234ef9bbb27cb168b01afb87d
,"Given that reddit just took a $150 million investment from a Chinese censorship powerhouse, I thought it would be nice to post this picture of ""Tank Man"" at Tienanmen Square before our new glorious overlords decide we cannot post it anymore.",aohpmo,top,6450,228912,2019-02-08 18:40:21,https://i.redd.it/luk4bhymxbf21.jpg
,DEMOCRACY NOW,cp4sce,top,4762,223575,2019-08-12 04:25:41,https://i.redd.it/6tcarmtiwwf31.jpg
,"This is Shelia Fredrick, a flight attendant. She noticed a terrified girl accompanied by an older man. She left a note in the bathroom on which the victim wrote that she needed help. The police was alerted & the girl was saved from a human trafficker. We should honor our heroes.",5sfexx,top,4360,222816,2017-02-06 20:06:40,https://i.reddituploads.com/d1e77b5c62694624ba7235a57431f070?fit=max&h=1536&w=1536&s=b3103272b2bf369f5c42396b09c4caf8
,This person sold their VHS player on eBay and got a surprise letter in the mailbox.,arfjs5,top,2555,215840,2019-02-17 04:26:24,https://i.imgur.com/73ZJIme.jpg
,This is Dr Katie Bouman the computer scientist behind the first ever image of a black-hole. She developed the algorithm that turned telescopic data into the historic photo we see today.,bbql1i,top,6401,215610,2019-04-10 23:58:18,https://i.redd.it/shhy0jzoshr21.jpg
,"2500 mile flight, 2 hour drive, 6 hour hike, and my wife is at rest.",fdemc6,top,6005,213087,2020-03-04 18:30:42,https://i.redd.it/jxxn2s6jbok41.jpg
