title,score,id,url,comms_num,created,body,timestamp
"Private Internet Access, a VPN provider, takes out a full page ad in The New York Time calling out 50 senators.",258407,61ns2w,http://i.imgur.com/GJYYNle.jpg,8728,1490589208.0,,2017-03-27 00:33:28
"My dad waits every year for the day the sun rises just right and reflects along the railroad tracks, Today was that day!",250394,6z699p,https://www.flickr.com/photos/zaruka/36978499711/,2019,1505044688.0,,2017-09-10 07:58:08
If this is you: Fuck you,242650,fi2zjs,https://i.redd.it/b9hkx5md2hm41.jpg,15903,1584148079.0,,2020-03-13 21:07:59
"Thanks, Obama.",230837,5bx4bx,https://i.reddituploads.com/58986555f545487c9d449bd5d9326528?fit=max&h=1536&w=1536&s=c15543d234ef9bbb27cb168b01afb87d,6096,1478680045.0,,2016-11-09 03:27:25
"Given that reddit just took a $150 million investment from a Chinese censorship powerhouse, I thought it would be nice to post this picture of ""Tank Man"" at Tienanmen Square before our new glorious overlords decide we cannot post it anymore.",228921,aohpmo,https://i.redd.it/luk4bhymxbf21.jpg,6450,1549669221.0,,2019-02-08 18:40:21
DEMOCRACY NOW,223579,cp4sce,https://i.redd.it/6tcarmtiwwf31.jpg,4762,1565598341.0,,2019-08-12 04:25:41
"This is Shelia Fredrick, a flight attendant. She noticed a terrified girl accompanied by an older man. She left a note in the bathroom on which the victim wrote that she needed help. The police was alerted & the girl was saved from a human trafficker. We should honor our heroes.",222805,5sfexx,https://i.reddituploads.com/d1e77b5c62694624ba7235a57431f070?fit=max&h=1536&w=1536&s=b3103272b2bf369f5c42396b09c4caf8,4360,1486429600.0,,2017-02-06 20:06:40
This person sold their VHS player on eBay and got a surprise letter in the mailbox.,215839,arfjs5,https://i.imgur.com/73ZJIme.jpg,2555,1550395584.0,,2019-02-17 04:26:24
This is Dr Katie Bouman the computer scientist behind the first ever image of a black-hole. She developed the algorithm that turned telescopic data into the historic photo we see today.,215611,bbql1i,https://i.redd.it/shhy0jzoshr21.jpg,6401,1554955098.0,,2019-04-10 23:58:18
"2500 mile flight, 2 hour drive, 6 hour hike, and my wife is at rest.",213017,fdemc6,https://i.redd.it/jxxn2s6jbok41.jpg,6005,1583364642.0,,2020-03-04 18:30:42
"Today, NASA will officially have to say goodbye to the little rover that could. The Mars Opportunity Rover was meant to last just 90 days and instead marched on for 14 years. It finally lost contact with earth after it was hit by a fierce dust storm.",212895,aq8355,https://i.redd.it/vc9qhyfgzcg21.jpg,4846,1550102728.0,,2019-02-13 19:05:28
"The most challenging painting I've ever done titled ""Recover"" #BrushstrokesinTime",211007,dwdllq,https://i.redd.it/0nzln43z2py31.jpg,2540,1573784837.0,,2019-11-14 21:27:17
"After 11 hospital days and losing 12kg, my 78yr old dad is home and recovered from Covid in Madrid!",209725,fqwind,https://i.redd.it/lal8n9oeeip41.jpg,2258,1585471767.0,,2020-03-29 04:49:27
"Picture of a political prisoner in one of China's internment camps, taken secretly by a family member.",209192,dsylqp,https://i.redd.it/o7u3ffzyz9x31.jpg,10345,1573166329.0,,2019-11-07 17:38:49
"And here it is: Likely the last sketch I'll ever post on Reddit. It's been a wild ride, guys and girls. Thanks for everything.",207290,6e7luk,http://imgur.com/LXnMhwi,6865,1496182640.0,,2017-05-30 18:17:20
I got a cease and desist for making the Crocs Gloves,207258,co6h3d,https://i.redd.it/9xijbv8pvgf31.jpg,4821,1565404356.0,,2019-08-09 22:32:36
They noticed there was a blank wall at mcdonald’s so they decided to make this fake poster of themselves. It’s now been 51 days since they hung it up.,205962,9cmazx,https://i.redd.it/pavm6jjnj1k11.jpg,3721,1536016882.0,,2018-09-03 19:21:22
Meeting Keanu Reeves at a traffic light,202236,7pnxv2,https://i.imgur.com/Fo7a18f.jpg,4064,1515704703.0,,2018-01-11 16:05:03
Found an old letter sent to my Mother who was struggling to make payments on my trumpet.,201856,8lfwjv,https://i.redd.it/pmmnq62lpiz01.jpg,3991,1527071884.0,,2018-05-23 06:38:04
I decided to finally go vaccinated behind my anti-vax parent's back! :),199962,fkq3qb,https://i.redd.it/83sx1koevfn41.jpg,6238,1584569465.0,,2020-03-18 18:11:05
This image of Xi Jiping as Winnie the Pooh is illegal in mainland China,197026,dcabzh,https://i.imgur.com/v60fY9U.png,969,1570052338.0,,2019-10-02 17:38:58
Sitting on the couch with a headache and an ice pack on my head when my girlfriend tells me not to move,196716,6u6mw4,https://imgur.com/47Cp2rb,2839,1502961342.0,,2017-08-17 05:15:42
"Water ice on Mars, just shot by the ESA!",192815,a89m64,https://i.redd.it/06ozylnfmm521.jpg,6017,1545424975.0,,2018-12-21 15:42:55
"A bird flew in my window, sh*t on my laptop, and decided to die right in front of me. How's your day going?",192786,979ywc,https://i.imgur.com/tKRvqaf.jpg,5349,1534293971.0,,2018-08-14 20:46:11
"22-year-old Iranian here. Just wanted to share my love with my friends all over the world (Americans, Iraqis, Australians, etc.) as it is what the world needs the most in these hard times. #LoveBeyondFlags",190967,elxa0j,https://i.redd.it/8tfwc6xpnl941.jpg,7615,1578539578.0,,2020-01-08 22:12:58
I work in a kitchen. You have no idea how many people say 'You look like the guy from ratatouille'. Every damn minute.,189668,8tzsyf,https://i.redd.it/mlfo0b3rec611.jpg,3796,1530046783.0,,2018-06-26 16:59:43
Protestor in Hong Kong today,189415,cpsdwd,https://i.imgur.com/zFDHmbn.jpg,7863,1565727766.0,,2019-08-13 16:22:46
After the beautiful NYE photos; workers who clean up all the mess after the party in Times Square deserve some respect too,188419,abixpi,https://i.redd.it/jm46azu9xt721.jpg,2187,1546385134.0,,2019-01-01 18:25:34
"The UC Davis pepper spray incident that the university payed over $100,000 to ""erase from the internet""",187721,6zos6q,https://i.redd.it/ayj2cr2cuhlz.jpg,6230,1505268977.0,,2017-09-12 22:16:17
"Tried to take a panoramic picture of the Eiffel Tower today, it went surprisingly well!",187501,9o6mqk,https://i.redd.it/co0b4d9908s11.jpg,2263,1539581897.0,,2018-10-15 01:38:17
Teachers homework policy,187448,99hl0j,https://i.redd.it/qihcgc9pvph11.jpg,6189,1535003956.0,,2018-08-23 01:59:16
"My parents denied me vaccinations as a child. Today, I was finally able to take my health into my own hands!",183740,abx582,https://i.redd.it/moxiw9och2821.jpg,5546,1546488583.0,,2019-01-02 23:09:43
Our school lunch lady made this Christmas display by hand ❤,183625,e5jy9g,https://i.redd.it/4pg4yxag8g241.jpg,2255,1575421042.0,,2019-12-03 19:57:22
Cotton picker at night looks like a huge concert crowd,182926,7ag091,https://i.redd.it/fq3e8q25rnvz.jpg,2350,1509699019.0,,2017-11-03 04:50:19
She took me in 15 years ago and no one makes me as happy. We had the best Xmas. I love my Granma so much.,181942,7m28mc,https://i.redd.it/xyn2xxgal3601.jpg,2145,1514249248.0,,2017-12-25 19:47:28
This man took a bullet while protecting my sister from the gunfire in Vegas.,181033,73w8zb,https://i.redd.it/gultof51thpz.jpg,4741,1507011986.0,,2017-10-03 02:26:26
ISIS lost its capital today,179635,76zwxx,https://pbs.twimg.com/media/DMV41qCW0AAcIT7.jpg,6578,1508288397.0,,2017-10-17 20:59:57
My dad got me right in the feels today with a wallet,179255,a9jiea,https://i.redd.it/bjsw1ttxgi621.jpg,1888,1545810498.0,,2018-12-26 02:48:18
This image is now illegal in Russia.,176626,63pnhz,https://i.redd.it/jouzymhjwtpy.jpg,4496,1491467874.0,,2017-04-06 04:37:54
This politican during the impeachment trial literally has cash coming out of his pocket like a cartoon.,176257,echrdd,https://i.redd.it/f9r2a4nc7g541.jpg,5384,1576728215.0,,2019-12-18 23:03:35
An elementary school bus driver asked every kid on his bus what they wanted for Christmas. He bought every child a gift.,176196,a9fi2j,https://i.redd.it/c7w68wfbwf621.jpg,1914,1545779405.0,,2018-12-25 18:10:05
I beat colon cancer today. Happiest day of my life.,175971,7qybyi,https://imgur.com/peI2aKV,3084,1516190381.0,,2018-01-17 06:59:41
Damn. History was just made.,175777,8f89zj,https://i.redd.it/syycygxj3du01.jpg,8883,1524824700.0,,2018-04-27 06:25:00
"Friendly reminder that China is running concentration camps and interning up to an estimated 3 million people who are being brainwashed with communist propaganda, tortured, raped, humiliated, used as medical guinea pigs, sterilised, and executed for their organs",175723,dgib1y,https://i.imgur.com/D6lyZz1.png,6088,1570843311.0,,2019-10-11 21:21:51
The real picture of Tienanmen Square people should be posting,175620,aoidr9,https://i.redd.it/newflzdhh8211.jpg,5859,1549673121.0,,2019-02-08 19:45:21
The moment this jogger realized he stumbled into my friends’ engagement photo,174521,c7yzex,https://i.redd.it/a06hlwnlvq731.jpg,3122,1562038610.0,,2019-07-01 23:36:50
The four Thai Navy Seals (one medic) that stayed IN the cave with the boys since they were discovered. They monitored their health and prepped them for their dangerous escape were the last to emerge after the 13 originals.,174440,8xqg68,https://imgur.com/lLXBd8m,3660,1531266768.0,,2018-07-10 19:52:48
Worker spraying the streets to prevent Covid 19. This is the most cyberpunk picture I've ever seen.,170420,fjbyok,https://i.redd.it/ltv53wz6lxm41.jpg,2275,1584348134.0,,2020-03-16 04:42:14
The full Tiananmen Square Tank Man picture is so much more powerful than the cropped one,169207,dgua6k,https://i.imgur.com/VsZHVCp.jpg?1,2449,1570910709.0,,2019-10-12 16:05:09
Saudi man shares a photo of him teaching his wife how to drive.,168616,73tjs8,https://i.redd.it/dn0ayymwsfpz.jpg,5568,1506987671.0,,2017-10-02 19:41:11
Denver nurses blocking anti lockdown protestors,168382,g4k60s,https://i.redd.it/huy0ey0ervt41.jpg,10622,1587376912.0,,2020-04-20 06:01:52
I took 5 pictures with my drone and stitched them together to create this inception style picture.,167995,6f7yy0,https://i.imgur.com/O2vfxdf.jpg,2058,1496619819.0,,2017-06-04 19:43:39
The true spirit of Christmas,167837,7lspkm,https://i.imgur.com/q19s09w.jpg,2272,1514111375.0,,2017-12-24 05:29:35
"A few months ago, I had a top post that I was just starting chemo. Today I found out that my tumor shrank to about half its size and the cancerous nodules in my lungs are gone! Also I got to play with adorable kittens. It's a good day :)",167772,6rfyk9,https://i.redd.it/ny3ag1opjldz.jpg,2639,1501827048.0,,2017-08-04 02:10:48
Sheep shows gratitude to the dog after saving them from a wolf attack.,166603,aia54p,https://i.redd.it/xklaud0e4sb21.jpg,3495,1548106531.0,,2019-01-21 16:35:31
"My phone has a wide selfie feature similar to a panorama. You need to sit still for it to work. My girlfriend sneezed, and this happened.",166076,6m966v,https://i.redd.it/etxh1zby4m8z.jpg,3195,1499654949.0,,2017-07-09 22:49:09
8 years clean from heroin today,166062,cpvvpy,https://i.redd.it/faovl84px8g31.jpg,2404,1565744026.0,,2019-08-13 20:53:46
"I wander the streets of Toronto at night, looking for cinematic moments. This is what I found...",164523,6797iq,http://i.imgur.com/OX4ELwD.jpg,2830,1493071292.0,,2017-04-24 18:01:32
It would be easier for Hong Kong Billionaire Jimmy Lai to remain silent. But he's been on the front lines as one of the few prominent business leaders who continue to fight for freedom.,164198,dksiub,https://i.redd.it/0eatoeuggst31.jpg,2356,1571646733.0,,2019-10-21 04:32:13
"Growing up, other kids used to make fun of me because I looked like the original Bob the Builder. While working in the field, they gave us these hard hats so I thought I’d take a selfie for the boys back home.",163926,c273ua,https://i.redd.it/19f2nuir86531.jpg,2197,1560917094.0,,2019-06-19 00:04:54
80 years later,163418,a2j1wx,https://i.redd.it/32sxj9wahy121.jpg,4758,1543825039.0,,2018-12-03 03:17:19
Should have been Bernie,163306,5by1wy,https://i.sli.mg/mwl3jS.jpg,8700,1478690858.0,,2016-11-09 06:27:38
How it really happened,162936,f0sj5c,https://i.redd.it/u3kk6rwzqpf41.jpg,2859,1581202265.0,,2020-02-08 17:51:05
"I've been photoshopping my kid into marginally dangerous situations. Nothing unbelievable, but enough to make people think ""Wait, did he..?""",162858,63mmkj,http://m.imgur.com/a/RWVg8,3802,1491438639.0,,2017-04-05 20:30:39
5 years ago I promised my sister I would bring a llama to her wedding,162765,fbzigv,https://i.redd.it/dwwlwn0r84k41.jpg,3640,1583121125.0,,2020-03-01 22:52:05
"Flying home for the holidays dressed to surprise the family. Before the flight, I met this stranger at the airport. Instant best friends",162574,7lvwcy,https://i.redd.it/q7kybd2raw501.jpg,1772,1514160952.0,,2017-12-24 19:15:52
This sign in Thailand,162320,alcf59,https://i.redd.it/hyus9hxn5kd21.jpg,5087,1548881801.0,,2019-01-30 15:56:41
"Resignation letter of Nowata County, Oklahoma sheriff Terry Barnett, after a judge ordered her to reopen an unsafe jail with near-lethal carbon monoxide and exposed wiring.",162125,b33ye1,https://i.imgur.com/rYeyT33.jpg,4899,1553063663.0,,2019-03-20 02:34:23
Everyone came,161931,9whu7p,https://imgur.com/tmhrmUF,1539,1542083653.0,,2018-11-12 23:34:13
"Spotted in Hong Kong: «Hear HK now, or be Hong Kong soon»",161708,dhp5x5,https://i.redd.it/suqemp7sqhs31.jpg,3303,1571080833.0,,2019-10-14 15:20:33
Mike Judge just tweeted this,160375,fm05u7,https://i.redd.it/9hergyukgvn41.jpg,1319,1584758200.0,,2020-03-20 22:36:40
"My husband entered his first art competition and won second place in people's choice, I'm so very proud!",159341,9lps9g,https://i.redd.it/ld19s2gwcfq11.jpg,2676,1538799201.0,,2018-10-06 00:13:21
This image is illegal in China. Tiananmen Square 1989 massacre,158937,dfyw13,https://i.redd.it/mbn5z9cr5qr31.jpg,3160,1570746878.0,,2019-10-10 18:34:38
First and last day of 1st grade- she kicked cancers ass!,158744,6ev1q9,https://i.redd.it/jjb2ga9s291z.jpg,2408,1496445893.0,,2017-06-02 19:24:53
Censorship Bad,158151,ctp7os,https://i.redd.it/jxjih6213wh31.png,2,1566460128.0,,2019-08-22 03:48:48
Part of the Halloween display my wife and kids put together,157947,9rgbk9,https://i.redd.it/c69tcw0nmfu11.jpg,1306,1540545863.0,,2018-10-26 05:24:23
Don't forget about this,157909,5pqxdk,http://i.imgur.com/7aGdxhe.jpg,5308,1485227717.0,,2017-01-23 22:15:17
"If my ICU patients forget for just a few minutes that they're stuck in ICU over Christmas, then it was all worth it.",157762,a96dzy,https://imgur.com/fk40Yeb,2002,1545698018.0,,2018-12-24 19:33:38
"My Uber driver was a slimmer, cooler, mustached version of myself.",157522,9e9ycq,https://i.redd.it/npwubey2q4l11.jpg,1848,1536491230.0,,2018-09-09 07:07:10
A powerful shot in Hong Kong,157479,dybzwo,https://i.redd.it/ia2vw09y9jz31.jpg,6977,1574150324.0,,2019-11-19 02:58:44
My dad finally out of the hospital recovering from COVID-19,157484,g4b7ml,https://i.redd.it/qexbgb5x3tt41.jpg,1681,1587344806.0,,2020-04-19 21:06:46
The Progression of Alzheimer's Through My Mom's Crocheting,157241,7ga0n5,https://i.redd.it/lun0fx0ryt001.jpg,4090,1511953565.0,,2017-11-29 06:06:05
Unfriendly reminder that UC Davis paid >$100k to remove this photo from the internet. Let’s not forget the pepper spray incident.,156570,8o8ixe,https://i.imgur.com/TV93pH9.jpg,5311,1528061324.0,,2018-06-03 17:28:44
Skinny Kim Jong Un would make the situation with North Korea more intimidating,156524,72vqga,https://i.redd.it/yg7shngj1ioz.jpg,4857,1506578972.0,,2017-09-28 02:09:32
ACTUAL fake news.,156467,6my4rr,https://i.redd.it/ydi1tqnx799z.jpg,6972,1499934407.0,,2017-07-13 04:26:47
My Nonna wanted me to post this on the internet so that “everyone in Italy can see how big my Tomatoes have gotten”,156410,a4fpgb,https://i.redd.it/g9fsgxinz4321.jpg,2692,1544339697.0,,2018-12-09 02:14:57
He comes to talk to his dad every day since the nursing home is on lockdown,155784,fjlguv,https://i.redd.it/41qufjeik1n41.jpg,1064,1584396319.0,,2020-03-16 18:05:19
"This past weekend I visited 5 friends I never met before despite knowing them for 5+ years, including Joe who is terminally ill with Ewings Sarcoma. We all met through online gaming, nobody had met each other in person until a day before this",155684,9ixufp,https://i.redd.it/pmpr0fdkdho11.jpg,2713,1537952005.0,,2018-09-26 04:53:25
Los Angeles without smog,154187,fy8m8j,https://i.redd.it/5r866y3r7xr41.jpg,3115,1586522825.0,,2020-04-10 08:47:05
This Texan restaurant leaving the American pitfall behind,153982,f8i5ss,https://i.redd.it/o8486141gri41.jpg,9244,1582530336.0,,2020-02-24 02:45:36
Hope #trashtag is still on,153688,c89e28,https://i.redd.it/t9xplwbi9w731.jpg,2061,1562103824.0,,2019-07-02 17:43:44
The best weather man ever just received this trophy from his news station!,153483,6yq3hr,https://i.redd.it/qu3plc63zikz.jpg,3026,1504846829.0,,2017-09-08 01:00:29
Just shot my first street photography photo where somebody randomly walked into frame projectile vomiting.,153299,a0gfoo,https://i.redd.it/labzyvid1m021.jpg,2278,1543238575.0,,2018-11-26 08:22:55
"No, the protesters in Hong Kong are not giving up.",153111,fbiiys,https://i.redd.it/r35dfils9xj41.jpg,2469,1583036840.0,,2020-02-29 23:27:20
My 101 year old neighbor was so ready for the eclipse.,152628,6vb1lr,http://i.imgur.com/QZXvR1L.jpg,1723,1503437729.0,,2017-08-22 17:35:29
John Cena paid for my Uncle’s groceries!,152457,fjr1xz,https://i.redd.it/6tztd9d293n41.jpg,2989,1584416669.0,,2020-03-16 23:44:29
The Face of a Man Who’s Just Been Cleared of a 17 Years Long False Conviction for Murder,152365,8jwa2m,https://i.redd.it/bsx248u0v8y01.jpg,5788,1526516796.0,,2018-05-16 20:26:36
Went to open my fridge. Definitely thought my hand was connected properly.,151525,arqv44,https://i.imgur.com/wgcXDt8.jpg,3353,1550477131.0,,2019-02-18 03:05:31
Please save us. Please help us. We need your help in Bangladesh. Our dictatorGovernment is killing us.,151121,94vdkj,https://i.redd.it/36ezbsr8ece11.png,5378,1533533310.0,,2018-08-06 01:28:30
This picture isn't banned in China,150838,di8uaf,https://i.imgur.com/NSr0tyd.jpg,2393,1571179223.0,,2019-10-15 18:40:23
